{"_step":14,"_timestamp":1.749486364554533e+09,"validation_loss":0.04151173309016889,"_runtime":574.650920442,"parameters":533121,"train_loss":3.600646544040905,"validation_r2":0.9560734629631042,"epoch":13,"_wandb":{"runtime":574}}